Block,Function,Part,LCSC,Tier,Fit,Qty/board,Unit USD,Ext USD/board,Notes
Power,Bench 5V screw terminal,Kangnex WJ500V-5.08-2P,C8465,E,Hand,1,0.15,0.15,
Power,"eFuse (bench, TERMPWR)",TI TPS259470ARPWR,C3662799,E,JLC,2,1.28,2.56,
Power,Power mux (bench priority),TI TPS2116DRLR,C3235557,E,JLC,1,0.4,0.4,Replaced LM66200 C3235556 (review R068)
Power,LDO 3.3V / 2.83V term,TI TPS73701DCQR,C56848,E,JLC,2,1.1,2.2,
Power,CC comparator,onsemi LM393DR2G,C7955,B,JLC,1,0.07,0.07,
Power,CC reference,CJ431 SOT-23,C3113,B,JLC,1,0.03,0.03,
Power,Bench-present FET,2N7002,C8545,B,JLC,1,0.02,0.02,
Power,TERMPWR disable jumper,1x2 2.54mm header + shunt,,,Hand,1,0.1,0.1,
SCSI,SCSI connector,BOOMELE 2x25 box header,C30006,E,Hand,1,0.2,0.2,
SCSI,Alt HD50 connector,Half-pitch 50-pin RA,,,DNP,0,0,0,
SCSI,Terminator switch,TI SN74LVTH245APWR,C2652121,E,JLC,3,1.08,3.24,
SCSI,Terminator R 2x220R per line,UNI-ROYAL 0402 1% 220R,C25091,B,JLC,36,0.0034,0.1224,Replaced 18x110R C2909312 (review R006)
SCSI,Terminator DIP switch,SHOU HAN 2P SMD DIP,C6331180,E,JLC,1,0.47,0.47,
SCSI/USB,ESD 0.3pF (18 SCSI + 2 D+/-),H5VUD5BB SOD-523,C20615820,P,JLC,20,0.042,0.84,
Power/USB,TVS TERMPWR + VBUS,SMF6.0A,C19077499,P,JLC,2,0.03,0.06,
USB,CC ESD,H7VL10B DFN1006,C20615787,P,JLC,2,0.03,0.06,
Power,Bench TVS,SMF15CA (bidirectional),C19077510,P,DNP,0,0,0,DNP
SCSI,Driver NMOS,onsemi FDV301N,C15310,E,JLC,14,0.037,0.518,
SCSI,Receiver Schmitt buffer,"Nexperia 74LVC1G17GW,125",C426705,E,JLC,18,0.11,1.98,
SCSI,Driver gate cap 22pF,C0G 0402,C1555,B,DNP,0,0,0,
SCSI,LA header,2x16 2.54mm pin header,C124382,E,Hand,1,0.15,0.15,
MCU,MCU,Raspberry Pi RP2350B,C42415655,E,JLC,1,1.28,1.28,
MCU,Core reg inductor 3.3uH,Abracon AOTA-B201610S3R3-101-T,C42411119,E,JLC,1,0.28,0.28,
MCU,QSPI flash 16MB,Winbond W25Q128JVSIQ,C97521,B,JLC,1,2.55,2.55,
MCU,PSRAM 8MB,AP Memory APS6404L-3SQR-SN,C5333729,E,JLC,1,3.96,3.96,
MCU/USB,12 MHz crystal (x3),Abracon ABM8-272-T3,C20625731,E,JLC,3,0.62,1.86,
MCU,microSD socket,SHOU HAN TF PUSH,C393941,E,JLC,1,0.07,0.07,
MCU,I2C expander,TI TCA9555PWR,C465732,E,JLC,1,0.73,0.73,
MCU,LEDs,KENTO KT-0603R red,C2286,B,JLC,4,0.01,0.04,
MCU,BOOTSEL/RUN buttons,Owner TH tact switch,,,Hand,2,0,0,
USB,USB-C receptacle,HRO TYPE-C-31-M-12 (owner stock),C165948,,Hand,1,0,0,
USB,USB hub,WCH CH334P,C5373042,E,JLC,1,0.44,0.44,
USB,HS USB bridge,FTDI FT232HL-REEL,C51997,E,JLC,1,9.36,9.36,
USB,FT232H EEPROM,Microchip 93LC56BT-I/OT,C190271,E,JLC,1,0.44,0.44,
USB,RP2350 USB series 27R,0603 1%,C25190,P,JLC,2,0.005,0.01,
Passive,100nF X7R 0402,decoupling (see parts-list §5),C307331,B,JLC,54,0.003,0.162,
Passive,4.7uF X5R 0402,"RP2350 regulator x4, FT232H VREGIN/VCCD",C23733,B,JLC,6,0.01,0.06,
Passive,1uF X5R 0402,"CC filters, PSRAM, eFuse/mux/LDO in-out",C52923,B,JLC,8,0.005,0.04,
Passive,10uF X5R 0805,"3.3V bulk, LDO outs x2, CH334, microSD",C15850,B,JLC,5,0.01,0.05,
Passive,15pF C0G 0402,crystal load caps,C1548,B,JLC,4,0.002,0.008,
Passive,2.2nF X7R 0402,eFuse dVdt,C1531,P,JLC,2,0.002,0.004,
Passive,ALLOWANCE: caps not yet listed,(now itemised; small margin),C307331 etc,B,JLC,5,0.01,0.05,
Passive,100R 0402,gate series (14) + LA taps (20),C25076,B,JLC,34,0.001,0.034,
Passive,4.7k 0402,gate pull-downs (14) + CC ref/I2C (3),C25900,B,JLC,17,0.001,0.017,
Passive,10k 0402,pull-ups etc,C25744,B,JLC,18,0.001,0.018,
Passive,1k 0402,xtal/BOOTSEL/RUN/LEDs,C11702,B,JLC,6,0.001,0.006,
Passive,5.1k 0402,USB-C Rd,C25905,B,JLC,2,0.001,0.002,
Passive,Misc single-value 0402 R,47kx2 27k 39kx4 5.6k 33k 75kx2 100kx6 510k 3.9k 150k 1.5k 2.4k 330R 56k 15k 3.3kx2 1M 470R 12k 2.2k 33Rx8,various,B/P,JLC,44,0.002,0.088,
Passive,0R links,FT1248 rework 5 fit + 5 DNP; RESERVED x2; USB shell,C17168,B,JLC,8,0.001,0.008,
Power,Bench EN clamp Zener,BZT52C5V6 SOD-123,C19077402,P,JLC,1,0.017,0.017,review R057
Power,TERMPWR OUT spike clamp,SS14 SMA,C2480,B,DNP,0,0,0,fit only if needed
Power,Bench IN cap 1uF 50V,Samsung CL21B105KBFNNNE 0805,C28323,B,JLC,1,0.04,0.04, 
Power,VBUS snubber C 4.7uF 25V,Samsung CL21A475KAQNNNE 0805,C1779,B,JLC,1,0.035,0.035,review R074
Power,VBUS snubber R 1R,0603 1%,C22936,B,JLC,1,0.003,0.003,
Power,+5V_SYS bulk 22uF 25V,Samsung CL21A226MAQNNNE 0805,C45783,B,JLC,1,0.22,0.22,
Power,Terminator bleed 270R,0603 1%,C22966,B,JLC,1,0.003,0.003,review R042/R086
USB,FT232H VPHY/VPLL ferrite,Sunlord GZ1608D601TF,C1002,B,JLC,2,0.013,0.026,review R016
USB,FT232H RESET# cap 10nF,0402 X7R,C15195,B,JLC,1,0.005,0.005,
USB,CH334 reset Schottky,1N5819WS SOD-323,C191023,B,JLC,1,0.014,0.014,review R031
